"No.","Exon / Intron","Start","End","Start Phase","End Phase","Length","Sequence"
"","5' upstream sequence","","","","","","                              {""provisional"":{""flourishes"":{},""expect"":[],""seq"":[{""style"":[1]}],""ref"":{""style"":[[0,""""],[0,""color:#008000""]]},""legend"":{""_messages"":[],""exons/Introns"":{""flanking"":{""label"":""#008000"",""class"":""ef"",""text"":""Flanking sequence"",""default"":null}}}},""url"":""/Homo_sapiens/Component/Transcript/Exons/exons?db=core;g=ENSG00000012048;r=17:43044295-43170245;t=ENST00000357654;time=1682008324970.97;adorn=only""}                ..........agcgcgggaattacagataaattaaaactgcgactgcgcggcgtgagctc                "
"1","ENSE00001852567","43,125,364","43,125,271","-","-","94","                              {""url"":""/Homo_sapiens/Component/Transcript/Exons/exons?db=core;g=ENSG00000012048;r=17:43044295-43170245;t=ENST00000357654;time=1682008324970.97;adorn=only"",""provisional"":{""seq"":[{""style"":[1]},{""style"":[1,-33,0]}],""legend"":{""_messages"":[],""exons/Introns"":{""exon1"":{""default"":null,""label"":""#1044ee"",""class"":""e1"",""text"":""Translated sequence""},""utr"":{""default"":null,""text"":""UTR"",""label"":""#cd6839"",""class"":""eu""},""flanking"":{""default"":null,""label"":""#008000"",""text"":""Flanking sequence"",""class"":""ef""}}},""ref"":{""style"":[[0,""""],[0,""color:#cd6839""]]},""flourishes"":{},""expect"":[]}}                GCTGAGACTTCCTGGACGGGGGACAGGCTGTGGGGTTTCTCAGATAACTGGGCCCCTGCGCTCAGGAGGCCTTCACCCTCTGCTCTGGGTAAAG                                          "
" ","Intron 1-2","43,125,270","43,124,116","","","1,155","                              {""url"":""/Homo_sapiens/Component/Transcript/Exons/exons?db=core;g=ENSG00000012048;r=17:43044295-43170245;t=ENST00000357654;time=1682008324970.97;adorn=only"",""provisional"":{""legend"":{""_messages"":[],""exons/Introns"":{""utr"":{""text"":""UTR"",""label"":""#cd6839"",""class"":""eu"",""default"":null},""flanking"":{""class"":""ef"",""label"":""#008000"",""text"":""Flanking sequence"",""default"":null},""intron"":{""default"":null,""text"":""Intron sequence"",""label"":""#aaaaaa"",""class"":""ei""},""exon1"":{""label"":""#1044ee"",""text"":""Translated sequence"",""class"":""e1"",""default"":null}}},""ref"":{""style"":[[0,""""],[0,""color:#aaaaaa""]]},""seq"":[{""style"":[1]}],""expect"":[],""flourishes"":{}}}                gtagtagagtcccgggaaagggaca..........tatatgtttttctaatgtgttaaag                "
"2","ENSE00003559512","43,124,115","43,124,017","-","2","99","                              {""provisional"":{""seq"":[{""style"":[2,-18,1]},{""style"":[1,-38,0]}],""ref"":{""style"":[[0,""""],[0,""color:#1044ee""],[7,""cd6839""]]},""legend"":{""_messages"":[],""exons/Introns"":{""utr"":{""label"":""#cd6839"",""class"":""eu"",""text"":""UTR"",""default"":null},""flanking"":{""label"":""#008000"",""class"":""ef"",""text"":""Flanking sequence"",""default"":null},""intron"":{""default"":null,""class"":""ei"",""label"":""#aaaaaa"",""text"":""Intron sequence""},""exon1"":{""default"":null,""class"":""e1"",""label"":""#1044ee"",""text"":""Translated sequence""}}},""flourishes"":{},""expect"":[]},""url"":""/Homo_sapiens/Component/Transcript/Exons/exons?db=core;g=ENSG00000012048;r=17:43044295-43170245;t=ENST00000357654;time=1682008324970.97;adorn=only""}                TTCATTGGAACAGAAAGAAATGGATTTATCTGCTCTTCGCGTTGAAGAAGTACAAAATGTCATTAATGCTATGCAGAAAATCTTAGAGTGTCCCATCTG                                     "
" ","Intron 2-3","43,124,016","43,115,780","","","8,237","                              {""url"":""/Homo_sapiens/Component/Transcript/Exons/exons?db=core;g=ENSG00000012048;r=17:43044295-43170245;t=ENST00000357654;time=1682008324970.97;adorn=only"",""provisional"":{""seq"":[{""style"":[1]}],""legend"":{""_messages"":[],""exons/Introns"":{""utr"":{""default"":null,""text"":""UTR"",""label"":""#cd6839"",""class"":""eu""},""flanking"":{""label"":""#008000"",""text"":""Flanking sequence"",""class"":""ef"",""default"":null},""intron"":{""label"":""#aaaaaa"",""class"":""ei"",""text"":""Intron sequence"",""default"":null},""exon1"":{""text"":""Translated sequence"",""label"":""#1044ee"",""class"":""e1"",""default"":null}}},""ref"":{""style"":[[0,""""],[0,""color:#aaaaaa""]]},""flourishes"":{},""expect"":[]}}                gtaagtcagcacaagagtgtattaa..........tttttctccccccctaccctgctag                "
"3","ENSE00003510592","43,115,779","43,115,726","2","2","54","                              {""url"":""/Homo_sapiens/Component/Transcript/Exons/exons?db=core;g=ENSG00000012048;r=17:43044295-43170245;t=ENST00000357654;time=1682008324970.97;adorn=only"",""provisional"":{""seq"":[{""style"":[1,-53,0]}],""legend"":{""_messages"":[],""exons/Introns"":{""utr"":{""label"":""#cd6839"",""text"":""UTR"",""class"":""eu"",""default"":null},""flanking"":{""class"":""ef"",""label"":""#008000"",""text"":""Flanking sequence"",""default"":null},""intron"":{""default"":null,""class"":""ei"",""label"":""#aaaaaa"",""text"":""Intron sequence""},""exon1"":{""default"":null,""text"":""Translated sequence"",""label"":""#1044ee"",""class"":""e1""}}},""ref"":{""style"":[[0,""""],[0,""color:#1044ee""]]},""flourishes"":{},""expect"":[]}}                TCTGGAGTTGATCAAGGAACCTGTCTCCACAAAGTGTGACCACATATTTTGCAA                      "
" ","Intron 3-4","43,115,725","43,106,534","","","9,192","                              {""provisional"":{""seq"":[{""style"":[1]}],""ref"":{""style"":[[0,""""],[0,""color:#aaaaaa""]]},""legend"":{""_messages"":[],""exons/Introns"":{""utr"":{""default"":null,""label"":""#cd6839"",""text"":""UTR"",""class"":""eu""},""flanking"":{""default"":null,""label"":""#008000"",""text"":""Flanking sequence"",""class"":""ef""},""intron"":{""default"":null,""text"":""Intron sequence"",""label"":""#aaaaaa"",""class"":""ei""},""exon1"":{""text"":""Translated sequence"",""label"":""#1044ee"",""class"":""e1"",""default"":null}}},""flourishes"":{},""expect"":[]},""url"":""/Homo_sapiens/Component/Transcript/Exons/exons?db=core;g=ENSG00000012048;r=17:43044295-43170245;t=ENST00000357654;time=1682008324970.97;adorn=only""}                gtaagtttgaatgtgttatgtggct..........ttctttctttctttataatttatag                "
"4","ENSE00003541068","43,106,533","43,106,456","2","2","78","                              {""provisional"":{""legend"":{""_messages"":[],""exons/Introns"":{""utr"":{""text"":""UTR"",""label"":""#cd6839"",""class"":""eu"",""default"":null},""flanking"":{""default"":null,""label"":""#008000"",""class"":""ef"",""text"":""Flanking sequence""},""intron"":{""label"":""#aaaaaa"",""class"":""ei"",""text"":""Intron sequence"",""default"":null},""exon1"":{""label"":""#1044ee"",""text"":""Translated sequence"",""class"":""e1"",""default"":null}}},""ref"":{""style"":[[0,""""],[0,""color:#1044ee""]]},""seq"":[{""style"":[1]},{""style"":[1,-17,0]}],""expect"":[],""flourishes"":{}},""url"":""/Homo_sapiens/Component/Transcript/Exons/exons?db=core;g=ENSG00000012048;r=17:43044295-43170245;t=ENST00000357654;time=1682008324970.97;adorn=only""}                ATTTTGCATGCTGAAACTTCTCAACCAGAAGAAAGGGCCTTCACAGTGTCCTTTATGTAAGAATGATATAACCAAAAG                                                          "
" ","Intron 4-5","43,106,455","43,104,957","","","1,499","                              {""url"":""/Homo_sapiens/Component/Transcript/Exons/exons?db=core;g=ENSG00000012048;r=17:43044295-43170245;t=ENST00000357654;time=1682008324970.97;adorn=only"",""provisional"":{""legend"":{""_messages"":[],""exons/Introns"":{""utr"":{""text"":""UTR"",""label"":""#cd6839"",""class"":""eu"",""default"":null},""flanking"":{""default"":null,""class"":""ef"",""label"":""#008000"",""text"":""Flanking sequence""},""intron"":{""default"":null,""text"":""Intron sequence"",""label"":""#aaaaaa"",""class"":""ei""},""exon1"":{""label"":""#1044ee"",""text"":""Translated sequence"",""class"":""e1"",""default"":null}}},""ref"":{""style"":[[0,""""],[0,""color:#aaaaaa""]]},""seq"":[{""style"":[1]}],""expect"":[],""flourishes"":{}}}                gtatataatttggtaatgatgctag..........tgtttctcaaacaatttaatttcag                "
"5","ENSE00003531836","43,104,956","43,104,868","2","1","89","                              {""provisional"":{""expect"":[],""flourishes"":{},""ref"":{""style"":[[0,""""],[0,""color:#1044ee""]]},""legend"":{""_messages"":[],""exons/Introns"":{""utr"":{""label"":""#cd6839"",""text"":""UTR"",""class"":""eu"",""default"":null},""flanking"":{""default"":null,""label"":""#008000"",""class"":""ef"",""text"":""Flanking sequence""},""intron"":{""default"":null,""label"":""#aaaaaa"",""class"":""ei"",""text"":""Intron sequence""},""exon1"":{""label"":""#1044ee"",""class"":""e1"",""text"":""Translated sequence"",""default"":null}}},""seq"":[{""style"":[1]},{""style"":[1,-28,0]}]},""url"":""/Homo_sapiens/Component/Transcript/Exons/exons?db=core;g=ENSG00000012048;r=17:43044295-43170245;t=ENST00000357654;time=1682008324970.97;adorn=only""}                GAGCCTACAAGAAAGTACGAGATTTAGTCAACTTGTTGAAGAGCTATTGAAAATCATTTGTGCTTTTCAGCTTGACACAGGTTTGGAGT                                               "
" ","Intron 5-6","43,104,867","43,104,262","","","606","                              {""provisional"":{""flourishes"":{},""expect"":[],""seq"":[{""style"":[1]}],""ref"":{""style"":[[0,""""],[0,""color:#aaaaaa""]]},""legend"":{""_messages"":[],""exons/Introns"":{""utr"":{""default"":null,""label"":""#cd6839"",""text"":""UTR"",""class"":""eu""},""flanking"":{""default"":null,""class"":""ef"",""label"":""#008000"",""text"":""Flanking sequence""},""intron"":{""class"":""ei"",""label"":""#aaaaaa"",""text"":""Intron sequence"",""default"":null},""exon1"":{""default"":null,""class"":""e1"",""label"":""#1044ee"",""text"":""Translated sequence""}}}},""url"":""/Homo_sapiens/Component/Transcript/Exons/exons?db=core;g=ENSG00000012048;r=17:43044295-43170245;t=ENST00000357654;time=1682008324970.97;adorn=only""}                gtaagtgttgaatatcccaagaatg..........taatgttttcccttgtattttacag                "
"6","ENSE00003513709","43,104,261","43,104,122","1","0","140","                              {""provisional"":{""flourishes"":{},""expect"":[],""seq"":[{""style"":[1]},-1,{""style"":[1,-19,0]}],""ref"":{""style"":[[0,""""],[0,""color:#1044ee""]]},""legend"":{""_messages"":[],""exons/Introns"":{""utr"":{""text"":""UTR"",""label"":""#cd6839"",""class"":""eu"",""default"":null},""flanking"":{""class"":""ef"",""label"":""#008000"",""text"":""Flanking sequence"",""default"":null},""intron"":{""default"":null,""text"":""Intron sequence"",""label"":""#aaaaaa"",""class"":""ei""},""exon1"":{""label"":""#1044ee"",""class"":""e1"",""text"":""Translated sequence"",""default"":null}}}},""url"":""/Homo_sapiens/Component/Transcript/Exons/exons?db=core;g=ENSG00000012048;r=17:43044295-43170245;t=ENST00000357654;time=1682008324970.97;adorn=only""}                ATGCAAACAGCTATAATTTTGCAAAAAAGGAAAATAACTCTCCTGAACATCTAAAAGATGAAGTTTCTATCATCCAAAGTATGGGCTACAGAAACCGTGCCAAAAGACTTCTACAGAGTGAACCCGAAAATCCTTCCTTG                                                        "
" ","Intron 6-7","43,104,121","43,099,881","","","4,241","                              {""provisional"":{""expect"":[],""flourishes"":{},""ref"":{""style"":[[0,""""],[0,""color:#aaaaaa""]]},""legend"":{""_messages"":[],""exons/Introns"":{""utr"":{""default"":null,""class"":""eu"",""label"":""#cd6839"",""text"":""UTR""},""flanking"":{""class"":""ef"",""label"":""#008000"",""text"":""Flanking sequence"",""default"":null},""intron"":{""text"":""Intron sequence"",""label"":""#aaaaaa"",""class"":""ei"",""default"":null},""exon1"":{""default"":null,""class"":""e1"",""label"":""#1044ee"",""text"":""Translated sequence""}}},""seq"":[{""style"":[1]}]},""url"":""/Homo_sapiens/Component/Transcript/Exons/exons?db=core;g=ENSG00000012048;r=17:43044295-43170245;t=ENST00000357654;time=1682008324970.97;adorn=only""}                gtaaaaccatttgttttcttcttct..........gactgttctttaccatactgtttag                "
"7","ENSE00003642045","43,099,880","43,099,775","0","1","106","                              {""url"":""/Homo_sapiens/Component/Transcript/Exons/exons?db=core;g=ENSG00000012048;r=17:43044295-43170245;t=ENST00000357654;time=1682008324970.97;adorn=only"",""provisional"":{""expect"":[],""flourishes"":{},""ref"":{""style"":[[0,""""],[0,""color:#1044ee""]]},""legend"":{""_messages"":[],""exons/Introns"":{""utr"":{""text"":""UTR"",""label"":""#cd6839"",""class"":""eu"",""default"":null},""flanking"":{""default"":null,""label"":""#008000"",""class"":""ef"",""text"":""Flanking sequence""},""intron"":{""default"":null,""label"":""#aaaaaa"",""class"":""ei"",""text"":""Intron sequence""},""exon1"":{""label"":""#1044ee"",""text"":""Translated sequence"",""class"":""e1"",""default"":null}}},""seq"":[{""style"":[1]},{""style"":[1,-45,0]}]}}                CAGGAAACCAGTCTCAGTGTCCAACTCTCTAACCTTGGAACTGTGAGAACTCTGAGGACAAAGCAGCGGATACAACCTCAAAAGACGTCTGTCTACATTGAATTGG                              "
" ","Intron 7-8","43,099,774","43,097,290","","","2,485","                              {""provisional"":{""legend"":{""_messages"":[],""exons/Introns"":{""utr"":{""default"":null,""text"":""UTR"",""label"":""#cd6839"",""class"":""eu""},""flanking"":{""label"":""#008000"",""text"":""Flanking sequence"",""class"":""ef"",""default"":null},""intron"":{""text"":""Intron sequence"",""label"":""#aaaaaa"",""class"":""ei"",""default"":null},""exon1"":{""label"":""#1044ee"",""text"":""Translated sequence"",""class"":""e1"",""default"":null}}},""ref"":{""style"":[[0,""""],[0,""color:#aaaaaa""]]},""seq"":[{""style"":[1]}],""expect"":[],""flourishes"":{}},""url"":""/Homo_sapiens/Component/Transcript/Exons/exons?db=core;g=ENSG00000012048;r=17:43044295-43170245;t=ENST00000357654;time=1682008324970.97;adorn=only""}                gtaagggtctcaggttttttaagta..........tattttttggggggaaattttttag                "
"8","ENSE00003587679","43,097,289","43,097,244","1","2","46","                              {""provisional"":{""seq"":[{""style"":[1,-45,0]}],""ref"":{""style"":[[0,""""],[0,""color:#1044ee""]]},""legend"":{""_messages"":[],""exons/Introns"":{""utr"":{""default"":null,""label"":""#cd6839"",""text"":""UTR"",""class"":""eu""},""flanking"":{""label"":""#008000"",""text"":""Flanking sequence"",""class"":""ef"",""default"":null},""intron"":{""default"":null,""label"":""#aaaaaa"",""class"":""ei"",""text"":""Intron sequence""},""exon1"":{""class"":""e1"",""label"":""#1044ee"",""text"":""Translated sequence"",""default"":null}}},""flourishes"":{},""expect"":[]},""url"":""/Homo_sapiens/Component/Transcript/Exons/exons?db=core;g=ENSG00000012048;r=17:43044295-43170245;t=ENST00000357654;time=1682008324970.97;adorn=only""}                GATCTGATTCTTCTGAAGATACCGTTAATAAGGCAACTTATTGCAG                              "
" ","Intron 8-9","43,097,243","43,095,923","","","1,321","                              {""url"":""/Homo_sapiens/Component/Transcript/Exons/exons?db=core;g=ENSG00000012048;r=17:43044295-43170245;t=ENST00000357654;time=1682008324970.97;adorn=only"",""provisional"":{""legend"":{""_messages"":[],""exons/Introns"":{""utr"":{""text"":""UTR"",""label"":""#cd6839"",""class"":""eu"",""default"":null},""flanking"":{""default"":null,""class"":""ef"",""label"":""#008000"",""text"":""Flanking sequence""},""intron"":{""default"":null,""label"":""#aaaaaa"",""text"":""Intron sequence"",""class"":""ei""},""exon1"":{""default"":null,""label"":""#1044ee"",""text"":""Translated sequence"",""class"":""e1""}}},""ref"":{""style"":[[0,""""],[0,""color:#aaaaaa""]]},""seq"":[{""style"":[1]}],""expect"":[],""flourishes"":{}}}                gtgagtcaaagagaacctttgtcta..........ttaggactctgtcttttccctatag                "
"9","ENSE00003787101","43,095,922","43,095,846","2","1","77","                              {""url"":""/Homo_sapiens/Component/Transcript/Exons/exons?db=core;g=ENSG00000012048;r=17:43044295-43170245;t=ENST00000357654;time=1682008324970.97;adorn=only"",""provisional"":{""expect"":[],""flourishes"":{},""ref"":{""style"":[[0,""""],[0,""color:#1044ee""]]},""legend"":{""_messages"":[],""exons/Introns"":{""utr"":{""default"":null,""text"":""UTR"",""label"":""#cd6839"",""class"":""eu""},""flanking"":{""label"":""#008000"",""class"":""ef"",""text"":""Flanking sequence"",""default"":null},""intron"":{""label"":""#aaaaaa"",""text"":""Intron sequence"",""class"":""ei"",""default"":null},""exon1"":{""default"":null,""label"":""#1044ee"",""text"":""Translated sequence"",""class"":""e1""}}},""seq"":[{""style"":[1]},{""style"":[1,-16,0]}]}}                TGTGGGAGATCAAGAATTGTTACAAATCACCCCTCAAGGAACCAGGGATGAAATCAGTTTGGATTCTGCAAAAAAGG                                                           "
" ","Intron 9-10","43,095,845","43,094,861","","","985","                              {""url"":""/Homo_sapiens/Component/Transcript/Exons/exons?db=core;g=ENSG00000012048;r=17:43044295-43170245;t=ENST00000357654;time=1682008324970.97;adorn=only"",""provisional"":{""flourishes"":{},""expect"":[],""seq"":[{""style"":[1]}],""legend"":{""_messages"":[],""exons/Introns"":{""utr"":{""class"":""eu"",""label"":""#cd6839"",""text"":""UTR"",""default"":null},""flanking"":{""label"":""#008000"",""class"":""ef"",""text"":""Flanking sequence"",""default"":null},""intron"":{""label"":""#aaaaaa"",""text"":""Intron sequence"",""class"":""ei"",""default"":null},""exon1"":{""class"":""e1"",""label"":""#1044ee"",""text"":""Translated sequence"",""default"":null}}},""ref"":{""style"":[[0,""""],[0,""color:#aaaaaa""]]}}}                gtaatggcaaagtttgccaacttaa..........ccttgttatttttgtatattttcag                "
"10","ENSE00003522602","43,094,860","43,091,435","1","1","3,426","                              {""url"":""/Homo_sapiens/Component/Transcript/Exons/exons?db=core;g=ENSG00000012048;r=17:43044295-43170245;t=ENST00000357654;time=1682008324970.97;adorn=only"",""provisional"":{""legend"":{""_messages"":[],""exons/Introns"":{""utr"":{""default"":null,""label"":""#cd6839"",""text"":""UTR"",""class"":""eu""},""flanking"":{""label"":""#008000"",""text"":""Flanking sequence"",""class"":""ef"",""default"":null},""intron"":{""text"":""Intron sequence"",""label"":""#aaaaaa"",""class"":""ei"",""default"":null},""exon1"":{""default"":null,""text"":""Translated sequence"",""label"":""#1044ee"",""class"":""e1""}}},""ref"":{""style"":[[0,""""],[0,""color:#1044ee""]]},""seq"":[{""style"":[1]},-56,{""style"":[1,-5,0]}],""expect"":[],""flourishes"":{}}}                CTGCTTGTGAATTTTCTGAGACGGATGTAACAAATACTGAACATCATCAACCCAGTAATAATGATTTGAACACCACTGAGAAGCGTGCAGCTGAGAGGCATCCAGAAAAGTATCAGGGTAGTTCTGTTTCAAACTTGCATGTGGAGCCATGTGGCACAAATACTCATGCCAGCTCATTACAGCATGAGAACAGCAGTTTATTACTCACTAAAGACAGAATGAATGTAGAAAAGGCTGAATTCTGTAATAAAAGCAAACAGCCTGGCTTAGCAAGGAGCCAACATAACAGATGGGCTGGAAGTAAGGAAACATGTAATGATAGGCGGACTCCCAGCACAGAAAAAAAGGTAGATCTGAATGCTGATCCCCTGTGTGAGAGAAAAGAATGGAATAAGCAGAAACTGCCATGCTCAGAGAATCCTAGAGATACTGAAGATGTTCCTTGGATAACACTAAATAGCAGCATTCAGAAAGTTAATGAGTGGTTTTCCAGAAGTGATGAACTGTTAGGTTCTGATGACTCACATGATGGGGAGTCTGAATCAAATGCCAAAGTAGCTGATGTATTGGACGTTCTAAATGAGGTAGATGAATATTCTGGTTCTTCAGAGAAAATAGACTTACTGGCCAGTGATCCTCATGAGGCTTTAATATGTAAAAGTGAAAGAGTTCACTCCAAATCAGTAGAGAGTAATATTGAAGACAAAATATTTGGGAAAACCTATCGGAAGAAGGCAAGCCTCCCCAACTTAAGCCATGTAACTGAAAATCTAATTATAGGAGCATTTGTTACTGAGCCACAGATAATACAAGAGCGTCCCCTCACAAATAAATTAAAGCGTAAAAGGAGACCTACATCAGGCCTTCATCCTGAGGATTTTATCAAGAAAGCAGATTTGGCAGTTCAAAAGACTCCTGAAATGATAAATCAGGGAACTAACCAAACGGAGCAGAATGGTCAAGTGATGAATATTACTAATAGTGGTCATGAGAATAAAACAAAAGGTGATTCTATTCAGAATGAGAAAAATCCTAACCCAATAGAATCACTCGAAAAAGAATCTGCTTTCAAAACGAAAGCTGAACCTATAAGCAGCAGTATAAGCAATATGGAACTCGAATTAAATATCCACAATTCAAAAGCACCTAAAAAGAATAGGCTGAGGAGGAAGTCTTCTACCAGGCATATTCATGCGCTTGAACTAGTAGTCAGTAGAAATCTAAGCCCACCTAATTGTACTGAATTGCAAATTGATAGTTGTTCTAGCAGTGAAGAGATAAAGAAAAAAAAGTACAACCAAATGCCAGTCAGGCACAGCAGAAACCTACAACTCATGGAAGGTAAAGAACCTGCAACTGGAGCCAAGAAGAGTAACAAGCCAAATGAACAGACAAGTAAAAGACATGACAGCGATACTTTCCCAGAGCTGAAGTTAACAAATGCACCTGGTTCTTTTACTAAGTGTTCAAATACCAGTGAACTTAAAGAATTTGTCAATCCTAGCCTTCCAAGAGAAGAAAAAGAAGAGAAACTAGAAACAGTTAAAGTGTCTAATAATGCTGAAGACCCCAAAGATCTCATGTTAAGTGGAGAAAGGGTTTTGCAAACTGAAAGATCTGTAGAGAGTAGCAGTATTTCATTGGTACCTGGTACTGATTATGGCACTCAGGAAAGTATCTCGTTACTGGAAGTTAGCACTCTAGGGAAGGCAAAAACAGAACCAAATAAATGTGTGAGTCAGTGTGCAGCATTTGAAAACCCCAAGGGACTAATTCATGGTTGTTCCAAAGATAATAGAAATGACACAGAAGGCTTTAAGTATCCATTGGGACATGAAGTTAACCACAGTCGGGAAACAAGCATAGAAATGGAAGAAAGTGAACTTGATGCTCAGTATTTGCAGAATACATTCAAGGTTTCAAAGCGCCAGTCATTTGCTCCGTTTTCAAATCCAGGAAATGCAGAAGAGGAATGTGCAACATTCTCTGCCCACTCTGGGTCCTTAAAGAAACAAAGTCCAAAAGTCACTTTTGAATGTGAACAAAAGGAAGAAAATCAAGGAAAGAATGAGTCTAATATCAAGCCTGTACAGACAGTTAATATCACTGCAGGCTTTCCTGTGGTTGGTCAGAAAGATAAGCCAGTTGATAATGCCAAATGTAGTATCAAAGGAGGCTCTAGGTTTTGTCTATCATCTCAGTTCAGAGGCAACGAAACTGGACTCATTACTCCAAATAAACATGGACTTTTACAAAACCCATATCGTATACCACCACTTTTTCCCATCAAGTCATTTGTTAAAACTAAATGTAAGAAAAATCTGCTAGAGGAAAACTTTGAGGAACATTCAATGTCACCTGAAAGAGAAATGGGAAATGAGAACATTCCAAGTACAGTGAGCACAATTAGCCGTAATAACATTAGAGAAAATGTTTTTAAAGAAGCCAGCTCAAGCAATATTAATGAAGTAGGTTCCAGTACTAATGAAGTGGGCTCCAGTATTAATGAAATAGGTTCCAGTGATGAAAACATTCAAGCAGAACTAGGTAGAAACAGAGGGCCAAAATTGAATGCTATGCTTAGATTAGGGGTTTTGCAACCTGAGGTCTATAAACAAAGTCTTCCTGGAAGTAATTGTAAGCATCCTGAAATAAAAAAGCAAGAATATGAAGAAGTAGTTCAGACTGTTAATACAGATTTCTCTCCATATCTGATTTCAGATAACTTAGAACAGCCTATGGGAAGTAGTCATGCATCTCAGGTTTGTTCTGAGACACCTGATGACCTGTTAGATGATGGTGAAATAAAGGAAGATACTAGTTTTGCTGAAAATGACATTAAGGAAAGTTCTGCTGTTTTTAGCAAAAGCGTCCAGAAAGGAGAGCTTAGCAGGAGTCCTAGCCCTTTCACCCATACACATTTGGCTCAGGGTTACCGAAGAGGGGCCAAGAAATTAGAGTCCTCAGAAGAGAACTTATCTAGTGAGGATGAAGAGCTTCCCTGCTTCCAACACTTGTTATTTGGTAAAGTAAACAATATACCTTCTCAGTCTACTAGGCATAGCACCGTTGCTACCGAGTGTCTGTCTAAGAACACAGAGGAGAATTTATTATCATTGAAGAATAGCTTAAATGACTGCAGTAACCAGGTAATATTGGCAAAGGCATCTCAGGAACATCACCTTAGTGAGGAAACAAAATGTTCTGCTAGCTTGTTTTCTTCACAGTGCAGTGAATTGGAAGACTTGACTGCAAATACAAACACCCAGGATCCTTTCTTGATTGGTTCTTCCAAACAAATGAGGCATCAGTCTGAAAGCCAGGGAGTTGGTCTGAGTGACAAGGAATTGGTTTCAGATGATGAAGAAAGAGGAACGGGCTTGGAAGAAAATAATCAAGAAGAGCAAAGCATGGATTCAAACTTAG                                                                      "
" ","Intron 10-11","43,091,434","43,091,033","","","402","                              {""url"":""/Homo_sapiens/Component/Transcript/Exons/exons?db=core;g=ENSG00000012048;r=17:43044295-43170245;t=ENST00000357654;time=1682008324970.97;adorn=only"",""provisional"":{""flourishes"":{},""expect"":[],""seq"":[{""style"":[1]}],""ref"":{""style"":[[0,""""],[0,""color:#aaaaaa""]]},""legend"":{""_messages"":[],""exons/Introns"":{""utr"":{""default"":null,""class"":""eu"",""label"":""#cd6839"",""text"":""UTR""},""flanking"":{""text"":""Flanking sequence"",""label"":""#008000"",""class"":""ef"",""default"":null},""intron"":{""default"":null,""class"":""ei"",""label"":""#aaaaaa"",""text"":""Intron sequence""},""exon1"":{""label"":""#1044ee"",""class"":""e1"",""text"":""Translated sequence"",""default"":null}}}}}                gtattggaaccaggtttttgtgttt..........tgaacctctgtttttgttatttaag                "
"11","ENSE00003547126","43,091,032","43,090,944","1","0","89","                              {""provisional"":{""seq"":[{""style"":[1]},{""style"":[1,-28,0]}],""legend"":{""_messages"":[],""exons/Introns"":{""utr"":{""text"":""UTR"",""label"":""#cd6839"",""class"":""eu"",""default"":null},""flanking"":{""default"":null,""label"":""#008000"",""class"":""ef"",""text"":""Flanking sequence""},""intron"":{""label"":""#aaaaaa"",""text"":""Intron sequence"",""class"":""ei"",""default"":null},""exon1"":{""default"":null,""label"":""#1044ee"",""text"":""Translated sequence"",""class"":""e1""}}},""ref"":{""style"":[[0,""""],[0,""color:#1044ee""]]},""flourishes"":{},""expect"":[]},""url"":""/Homo_sapiens/Component/Transcript/Exons/exons?db=core;g=ENSG00000012048;r=17:43044295-43170245;t=ENST00000357654;time=1682008324970.97;adorn=only""}                GTGAAGCAGCATCTGGGTGTGAGAGTGAAACAAGCGTCTCTGAAGACTGCTCAGGGCTATCCTCTCAGAGTGACATTTTAACCACTCAG                                               "
" ","Intron 11-12","43,090,943","43,082,576","","","8,368","                              {""url"":""/Homo_sapiens/Component/Transcript/Exons/exons?db=core;g=ENSG00000012048;r=17:43044295-43170245;t=ENST00000357654;time=1682008324970.97;adorn=only"",""provisional"":{""seq"":[{""style"":[1]}],""ref"":{""style"":[[0,""""],[0,""color:#aaaaaa""]]},""legend"":{""_messages"":[],""exons/Introns"":{""utr"":{""default"":null,""text"":""UTR"",""label"":""#cd6839"",""class"":""eu""},""flanking"":{""class"":""ef"",""label"":""#008000"",""text"":""Flanking sequence"",""default"":null},""intron"":{""class"":""ei"",""label"":""#aaaaaa"",""text"":""Intron sequence"",""default"":null},""exon1"":{""default"":null,""text"":""Translated sequence"",""label"":""#1044ee"",""class"":""e1""}}},""flourishes"":{},""expect"":[]}}                gtaaaaagcgtgtgtgtgtgtgcac..........ttggtgccatttatcgtttttgaag                "
"12","ENSE00003527960","43,082,575","43,082,404","0","1","172","                              {""provisional"":{""expect"":[],""flourishes"":{},""ref"":{""style"":[[0,""""],[0,""color:#1044ee""]]},""legend"":{""_messages"":[],""exons/Introns"":{""utr"":{""label"":""#cd6839"",""text"":""UTR"",""class"":""eu"",""default"":null},""flanking"":{""class"":""ef"",""label"":""#008000"",""text"":""Flanking sequence"",""default"":null},""intron"":{""label"":""#aaaaaa"",""class"":""ei"",""text"":""Intron sequence"",""default"":null},""exon1"":{""default"":null,""label"":""#1044ee"",""class"":""e1"",""text"":""Translated sequence""}}},""seq"":[{""style"":[1]},-1,{""style"":[1,-51,0]}]},""url"":""/Homo_sapiens/Component/Transcript/Exons/exons?db=core;g=ENSG00000012048;r=17:43044295-43170245;t=ENST00000357654;time=1682008324970.97;adorn=only""}                CAGAGGGATACCATGCAACATAACCTGATAAAGCTCCAGCAGGAAATGGCTGAACTAGAAGCTGTGTTAGAACAGCATGGGAGCCAGCCTTCTAACAGCTACCCTTCCATCATAAGTGACTCTTCTGCCCTTGAGGACCTGCGAAATCCAGAACAAAGCACATCAGAAAAAG                        "
" ","Intron 12-13","43,082,403","43,076,615","","","5,789","                              {""provisional"":{""expect"":[],""flourishes"":{},""legend"":{""_messages"":[],""exons/Introns"":{""utr"":{""default"":null,""text"":""UTR"",""label"":""#cd6839"",""class"":""eu""},""flanking"":{""text"":""Flanking sequence"",""label"":""#008000"",""class"":""ef"",""default"":null},""intron"":{""label"":""#aaaaaa"",""text"":""Intron sequence"",""class"":""ei"",""default"":null},""exon1"":{""default"":null,""label"":""#1044ee"",""class"":""e1"",""text"":""Translated sequence""}}},""ref"":{""style"":[[0,""""],[0,""color:#aaaaaa""]]},""seq"":[{""style"":[1]}]},""url"":""/Homo_sapiens/Component/Transcript/Exons/exons?db=core;g=ENSG00000012048;r=17:43044295-43170245;t=ENST00000357654;time=1682008324970.97;adorn=only""}                gtgtgtattgttggccaaacactga..........atttgttttctcattccatttaaag                "
"13","ENSE00003791246","43,076,614","43,076,488","1","2","127","                              {""provisional"":{""ref"":{""style"":[[0,""""],[0,""color:#1044ee""]]},""legend"":{""_messages"":[],""exons/Introns"":{""utr"":{""default"":null,""label"":""#cd6839"",""class"":""eu"",""text"":""UTR""},""flanking"":{""default"":null,""label"":""#008000"",""text"":""Flanking sequence"",""class"":""ef""},""intron"":{""class"":""ei"",""label"":""#aaaaaa"",""text"":""Intron sequence"",""default"":null},""exon1"":{""text"":""Translated sequence"",""label"":""#1044ee"",""class"":""e1"",""default"":null}}},""seq"":[{""style"":[1]},-1,{""style"":[1,-6,0]}],""expect"":[],""flourishes"":{}},""url"":""/Homo_sapiens/Component/Transcript/Exons/exons?db=core;g=ENSG00000012048;r=17:43044295-43170245;t=ENST00000357654;time=1682008324970.97;adorn=only""}                CAGTATTAACTTCACAGAAAAGTAGTGAATACCCTATAAGCCAGAATCCAGAAGGCCTTTCTGCTGACAAGTTTGAGGTGTCTGCAGATAGTTCTACCAGTAAAAATAAAGAACCAGGAGTGGAAAG                                                                     "
" ","Intron 13-14","43,076,487","43,074,522","","","1,966","                              {""url"":""/Homo_sapiens/Component/Transcript/Exons/exons?db=core;g=ENSG00000012048;r=17:43044295-43170245;t=ENST00000357654;time=1682008324970.97;adorn=only"",""provisional"":{""expect"":[],""flourishes"":{},""ref"":{""style"":[[0,""""],[0,""color:#aaaaaa""]]},""legend"":{""_messages"":[],""exons/Introns"":{""utr"":{""label"":""#cd6839"",""text"":""UTR"",""class"":""eu"",""default"":null},""flanking"":{""default"":null,""text"":""Flanking sequence"",""label"":""#008000"",""class"":""ef""},""intron"":{""class"":""ei"",""label"":""#aaaaaa"",""text"":""Intron sequence"",""default"":null},""exon1"":{""default"":null,""text"":""Translated sequence"",""label"":""#1044ee"",""class"":""e1""}}},""seq"":[{""style"":[1]}]}}                gtaagaaacatcaatgtaaagatgc..........tttctccttccatttatctttctag                "
"14","ENSE00003537850","43,074,521","43,074,331","2","1","191","                              {""url"":""/Homo_sapiens/Component/Transcript/Exons/exons?db=core;g=ENSG00000012048;r=17:43044295-43170245;t=ENST00000357654;time=1682008324970.97;adorn=only"",""provisional"":{""seq"":[{""style"":[1]},-2,{""style"":[1,-10,0]}],""legend"":{""_messages"":[],""exons/Introns"":{""utr"":{""label"":""#cd6839"",""text"":""UTR"",""class"":""eu"",""default"":null},""flanking"":{""text"":""Flanking sequence"",""label"":""#008000"",""class"":""ef"",""default"":null},""intron"":{""default"":null,""label"":""#aaaaaa"",""class"":""ei"",""text"":""Intron sequence""},""exon1"":{""class"":""e1"",""label"":""#1044ee"",""text"":""Translated sequence"",""default"":null}}},""ref"":{""style"":[[0,""""],[0,""color:#1044ee""]]},""flourishes"":{},""expect"":[]}}                GTCATCCCCTTCTAAATGCCCATCATTAGATGATAGGTGGTACATGCACAGTTGCTCTGGGAGTCTTCAGAATAGAAACTACCCATCTCAAGAGGAGCTCATTAAGGTTGTTGATGTGGAGGAGCAACAGCTGGAAGAGTCTGGGCCACACGATTTGACGGAAACATCTTACTTGCCAAGGCAAGATCTAG                                                                 "
" ","Intron 14-15","43,074,330","43,071,239","","","3,092","                              {""provisional"":{""expect"":[],""flourishes"":{},""legend"":{""_messages"":[],""exons/Introns"":{""utr"":{""label"":""#cd6839"",""class"":""eu"",""text"":""UTR"",""default"":null},""flanking"":{""default"":null,""label"":""#008000"",""class"":""ef"",""text"":""Flanking sequence""},""intron"":{""text"":""Intron sequence"",""label"":""#aaaaaa"",""class"":""ei"",""default"":null},""exon1"":{""label"":""#1044ee"",""class"":""e1"",""text"":""Translated sequence"",""default"":null}}},""ref"":{""style"":[[0,""""],[0,""color:#aaaaaa""]]},""seq"":[{""style"":[1]}]},""url"":""/Homo_sapiens/Component/Transcript/Exons/exons?db=core;g=ENSG00000012048;r=17:43044295-43170245;t=ENST00000357654;time=1682008324970.97;adorn=only""}                gtaatatttcatctgctgtattgga..........attaaacttctcccattcctttcag                "
"15","ENSE00003497952","43,071,238","43,070,928","1","0","311","                              {""url"":""/Homo_sapiens/Component/Transcript/Exons/exons?db=core;g=ENSG00000012048;r=17:43044295-43170245;t=ENST00000357654;time=1682008324970.97;adorn=only"",""provisional"":{""flourishes"":{},""expect"":[],""seq"":[{""style"":[1]},-4,{""style"":[1,-10,0]}],""ref"":{""style"":[[0,""""],[0,""color:#1044ee""]]},""legend"":{""_messages"":[],""exons/Introns"":{""utr"":{""class"":""eu"",""label"":""#cd6839"",""text"":""UTR"",""default"":null},""flanking"":{""text"":""Flanking sequence"",""label"":""#008000"",""class"":""ef"",""default"":null},""intron"":{""class"":""ei"",""label"":""#aaaaaa"",""text"":""Intron sequence"",""default"":null},""exon1"":{""default"":null,""label"":""#1044ee"",""class"":""e1"",""text"":""Translated sequence""}}}}}                AGGGAACCCCTTACCTGGAATCTGGAATCAGCCTCTTCTCTGATGACCCTGAATCTGATCCTTCTGAAGACAGAGCCCCAGAGTCAGCTCGTGTTGGCAACATACCATCTTCAACCTCTGCATTGAAAGTTCCCCAATTGAAAGTTGCAGAATCTGCCCAGAGTCCAGCTGCTGCTCATACTACTGATACTGCTGGGTATAATGCAATGGAAGAAAGTGTGAGCAGGGAGAAGCCAGAATTGACAGCTTCAACAGAAAGGGTCAACAAAAGAATGTCCATGGTGGTGTCTGGCCTGACCCCAGAAGAATTT                                                                 "
" ","Intron 15-16","43,070,927","43,067,696","","","3,232","                              {""url"":""/Homo_sapiens/Component/Transcript/Exons/exons?db=core;g=ENSG00000012048;r=17:43044295-43170245;t=ENST00000357654;time=1682008324970.97;adorn=only"",""provisional"":{""legend"":{""_messages"":[],""exons/Introns"":{""utr"":{""default"":null,""text"":""UTR"",""label"":""#cd6839"",""class"":""eu""},""flanking"":{""label"":""#008000"",""class"":""ef"",""text"":""Flanking sequence"",""default"":null},""intron"":{""default"":null,""label"":""#aaaaaa"",""text"":""Intron sequence"",""class"":""ei""},""exon1"":{""default"":null,""class"":""e1"",""label"":""#1044ee"",""text"":""Translated sequence""}}},""ref"":{""style"":[[0,""""],[0,""color:#aaaaaa""]]},""seq"":[{""style"":[1]}],""expect"":[],""flourishes"":{}}}                gtgagtgtatccatatgtatctccc..........aatggaatatttgatttaatttcag                "
"16","ENSE00003492626","43,067,695","43,067,608","0","1","88","                              {""url"":""/Homo_sapiens/Component/Transcript/Exons/exons?db=core;g=ENSG00000012048;r=17:43044295-43170245;t=ENST00000357654;time=1682008324970.97;adorn=only"",""provisional"":{""ref"":{""style"":[[0,""""],[0,""color:#1044ee""]]},""legend"":{""_messages"":[],""exons/Introns"":{""utr"":{""default"":null,""label"":""#cd6839"",""class"":""eu"",""text"":""UTR""},""flanking"":{""class"":""ef"",""label"":""#008000"",""text"":""Flanking sequence"",""default"":null},""intron"":{""text"":""Intron sequence"",""label"":""#aaaaaa"",""class"":""ei"",""default"":null},""exon1"":{""class"":""e1"",""label"":""#1044ee"",""text"":""Translated sequence"",""default"":null}}},""seq"":[{""style"":[1]},{""style"":[1,-27,0]}],""expect"":[],""flourishes"":{}}}                ATGCTCGTGTACAAGTTTGCCAGAAAACACCACATCACTTTAACTAATCTAATTACTGAAGAGACTACTCATGTTGTTATGAAAACAG                                                "
" ","Intron 16-17","43,067,607","43,063,952","","","3,656","                              {""url"":""/Homo_sapiens/Component/Transcript/Exons/exons?db=core;g=ENSG00000012048;r=17:43044295-43170245;t=ENST00000357654;time=1682008324970.97;adorn=only"",""provisional"":{""seq"":[{""style"":[1]}],""legend"":{""_messages"":[],""exons/Introns"":{""utr"":{""label"":""#cd6839"",""text"":""UTR"",""class"":""eu"",""default"":null},""flanking"":{""text"":""Flanking sequence"",""label"":""#008000"",""class"":""ef"",""default"":null},""intron"":{""default"":null,""label"":""#aaaaaa"",""text"":""Intron sequence"",""class"":""ei""},""exon1"":{""text"":""Translated sequence"",""label"":""#1044ee"",""class"":""e1"",""default"":null}}},""ref"":{""style"":[[0,""""],[0,""color:#aaaaaa""]]},""flourishes"":{},""expect"":[]}}                gtataccaagaacctttacagaata..........cctttgagtgtttttcattctgcag                "
"17","ENSE00003591784","43,063,951","43,063,874","1","1","78","                              {""url"":""/Homo_sapiens/Component/Transcript/Exons/exons?db=core;g=ENSG00000012048;r=17:43044295-43170245;t=ENST00000357654;time=1682008324970.97;adorn=only"",""provisional"":{""flourishes"":{},""expect"":[],""seq"":[{""style"":[1]},{""style"":[1,-17,0]}],""ref"":{""style"":[[0,""""],[0,""color:#1044ee""]]},""legend"":{""_messages"":[],""exons/Introns"":{""utr"":{""default"":null,""text"":""UTR"",""label"":""#cd6839"",""class"":""eu""},""flanking"":{""class"":""ef"",""label"":""#008000"",""text"":""Flanking sequence"",""default"":null},""intron"":{""default"":null,""text"":""Intron sequence"",""label"":""#aaaaaa"",""class"":""ei""},""exon1"":{""label"":""#1044ee"",""text"":""Translated sequence"",""class"":""e1"",""default"":null}}}}}                ATGCTGAGTTTGTGTGTGAACGGACACTGAAATATTTTCTAGGAATTGCGGGAGGAAAATGGGTAGTTAGCTATTTCT                                                          "
" ","Intron 17-18","43,063,873","43,063,374","","","500","                              {""url"":""/Homo_sapiens/Component/Transcript/Exons/exons?db=core;g=ENSG00000012048;r=17:43044295-43170245;t=ENST00000357654;time=1682008324970.97;adorn=only"",""provisional"":{""expect"":[],""flourishes"":{},""ref"":{""style"":[[0,""""],[0,""color:#aaaaaa""]]},""legend"":{""_messages"":[],""exons/Introns"":{""utr"":{""default"":null,""class"":""eu"",""label"":""#cd6839"",""text"":""UTR""},""flanking"":{""default"":null,""class"":""ef"",""label"":""#008000"",""text"":""Flanking sequence""},""intron"":{""default"":null,""class"":""ei"",""label"":""#aaaaaa"",""text"":""Intron sequence""},""exon1"":{""default"":null,""text"":""Translated sequence"",""label"":""#1044ee"",""class"":""e1""}}},""seq"":[{""style"":[1]}]}}                gtaagtataatactatttctcccct..........cctgtcttttctatgatctctttag                "
"18","ENSE00003672792","43,063,373","43,063,333","1","0","41","                              {""url"":""/Homo_sapiens/Component/Transcript/Exons/exons?db=core;g=ENSG00000012048;r=17:43044295-43170245;t=ENST00000357654;time=1682008324970.97;adorn=only"",""provisional"":{""seq"":[{""style"":[1,-40,0]}],""legend"":{""_messages"":[],""exons/Introns"":{""utr"":{""label"":""#cd6839"",""text"":""UTR"",""class"":""eu"",""default"":null},""flanking"":{""default"":null,""class"":""ef"",""label"":""#008000"",""text"":""Flanking sequence""},""intron"":{""default"":null,""class"":""ei"",""label"":""#aaaaaa"",""text"":""Intron sequence""},""exon1"":{""default"":null,""label"":""#1044ee"",""class"":""e1"",""text"":""Translated sequence""}}},""ref"":{""style"":[[0,""""],[0,""color:#1044ee""]]},""flourishes"":{},""expect"":[]}}                GGGTGACCCAGTCTATTAAAGAAAGAAAAATGCTGAATGAG                                   "
" ","Intron 18-19","43,063,332","43,057,136","","","6,197","                              {""provisional"":{""ref"":{""style"":[[0,""""],[0,""color:#aaaaaa""]]},""legend"":{""_messages"":[],""exons/Introns"":{""utr"":{""default"":null,""class"":""eu"",""label"":""#cd6839"",""text"":""UTR""},""flanking"":{""default"":null,""class"":""ef"",""label"":""#008000"",""text"":""Flanking sequence""},""intron"":{""default"":null,""label"":""#aaaaaa"",""class"":""ei"",""text"":""Intron sequence""},""exon1"":{""default"":null,""class"":""e1"",""label"":""#1044ee"",""text"":""Translated sequence""}}},""seq"":[{""style"":[1]}],""expect"":[],""flourishes"":{}},""url"":""/Homo_sapiens/Component/Transcript/Exons/exons?db=core;g=ENSG00000012048;r=17:43044295-43170245;t=ENST00000357654;time=1682008324970.97;adorn=only""}                gtaagtacttgatgttacaaactaa..........atgggttgtgtttggtttctttcag                "
"19","ENSE00003458468","43,057,135","43,057,052","0","0","84","                              {""url"":""/Homo_sapiens/Component/Transcript/Exons/exons?db=core;g=ENSG00000012048;r=17:43044295-43170245;t=ENST00000357654;time=1682008324970.97;adorn=only"",""provisional"":{""expect"":[],""flourishes"":{},""legend"":{""_messages"":[],""exons/Introns"":{""utr"":{""label"":""#cd6839"",""text"":""UTR"",""class"":""eu"",""default"":null},""flanking"":{""default"":null,""text"":""Flanking sequence"",""label"":""#008000"",""class"":""ef""},""intron"":{""default"":null,""class"":""ei"",""label"":""#aaaaaa"",""text"":""Intron sequence""},""exon1"":{""label"":""#1044ee"",""text"":""Translated sequence"",""class"":""e1"",""default"":null}}},""ref"":{""style"":[[0,""""],[0,""color:#1044ee""]]},""seq"":[{""style"":[1]},{""style"":[1,-23,0]}]}}                CATGATTTTGAAGTCAGAGGAGATGTGGTCAATGGAAGAAACCACCAAGGTCCAAAGCGAGCAAGAGAATCCCAGGACAGAAAG                                                    "
" ","Intron 19-20","43,057,051","43,051,118","","","5,934","                              {""url"":""/Homo_sapiens/Component/Transcript/Exons/exons?db=core;g=ENSG00000012048;r=17:43044295-43170245;t=ENST00000357654;time=1682008324970.97;adorn=only"",""provisional"":{""expect"":[],""flourishes"":{},""ref"":{""style"":[[0,""""],[0,""color:#aaaaaa""]]},""legend"":{""_messages"":[],""exons/Introns"":{""utr"":{""default"":null,""label"":""#cd6839"",""text"":""UTR"",""class"":""eu""},""flanking"":{""default"":null,""text"":""Flanking sequence"",""label"":""#008000"",""class"":""ef""},""intron"":{""label"":""#aaaaaa"",""text"":""Intron sequence"",""class"":""ei"",""default"":null},""exon1"":{""label"":""#1044ee"",""text"":""Translated sequence"",""class"":""e1"",""default"":null}}},""seq"":[{""style"":[1]}]}}                gtaaagctccctccctcaagttgac..........cctctctcttcctctcttcttccag                "
"20","ENSE00003477922","43,051,117","43,051,063","0","1","55","                              {""url"":""/Homo_sapiens/Component/Transcript/Exons/exons?db=core;g=ENSG00000012048;r=17:43044295-43170245;t=ENST00000357654;time=1682008324970.97;adorn=only"",""provisional"":{""flourishes"":{},""expect"":[],""seq"":[{""style"":[1,-54,0]}],""ref"":{""style"":[[0,""""],[0,""color:#1044ee""]]},""legend"":{""_messages"":[],""exons/Introns"":{""utr"":{""default"":null,""label"":""#cd6839"",""class"":""eu"",""text"":""UTR""},""flanking"":{""default"":null,""label"":""#008000"",""text"":""Flanking sequence"",""class"":""ef""},""intron"":{""default"":null,""text"":""Intron sequence"",""label"":""#aaaaaa"",""class"":""ei""},""exon1"":{""text"":""Translated sequence"",""label"":""#1044ee"",""class"":""e1"",""default"":null}}}}}                ATCTTCAGGGGGCTAGAAATCTGTTGCTATGGGCCCTTCACCAACATGCCCACAG                     "
" ","Intron 20-21","43,051,062","43,049,195","","","1,868","                              {""provisional"":{""legend"":{""_messages"":[],""exons/Introns"":{""utr"":{""label"":""#cd6839"",""class"":""eu"",""text"":""UTR"",""default"":null},""flanking"":{""default"":null,""class"":""ef"",""label"":""#008000"",""text"":""Flanking sequence""},""intron"":{""default"":null,""label"":""#aaaaaa"",""class"":""ei"",""text"":""Intron sequence""},""exon1"":{""label"":""#1044ee"",""text"":""Translated sequence"",""class"":""e1"",""default"":null}}},""ref"":{""style"":[[0,""""],[0,""color:#aaaaaa""]]},""seq"":[{""style"":[1]}],""expect"":[],""flourishes"":{}},""url"":""/Homo_sapiens/Component/Transcript/Exons/exons?db=core;g=ENSG00000012048;r=17:43044295-43170245;t=ENST00000357654;time=1682008324970.97;adorn=only""}                gtaagagcctgggagaaccccagag..........ttttacatctaaatgtccattttag                "
"21","ENSE00003628864","43,049,194","43,049,121","1","0","74","                              {""url"":""/Homo_sapiens/Component/Transcript/Exons/exons?db=core;g=ENSG00000012048;r=17:43044295-43170245;t=ENST00000357654;time=1682008324970.97;adorn=only"",""provisional"":{""expect"":[],""flourishes"":{},""ref"":{""style"":[[0,""""],[0,""color:#1044ee""]]},""legend"":{""_messages"":[],""exons/Introns"":{""utr"":{""label"":""#cd6839"",""text"":""UTR"",""class"":""eu"",""default"":null},""flanking"":{""label"":""#008000"",""text"":""Flanking sequence"",""class"":""ef"",""default"":null},""intron"":{""class"":""ei"",""label"":""#aaaaaa"",""text"":""Intron sequence"",""default"":null},""exon1"":{""default"":null,""label"":""#1044ee"",""text"":""Translated sequence"",""class"":""e1""}}},""seq"":[{""style"":[1]},{""style"":[1,-13,0]}]}}                ATCAACTGGAATGGATGGTACAGCTGTGTGGTGCTTCTGTGGTGAAGGAGCTTTCATCATTCACCCTTGGCACA                                                              "
" ","Intron 21-22","43,049,120","43,047,704","","","1,417","                              {""url"":""/Homo_sapiens/Component/Transcript/Exons/exons?db=core;g=ENSG00000012048;r=17:43044295-43170245;t=ENST00000357654;time=1682008324970.97;adorn=only"",""provisional"":{""expect"":[],""flourishes"":{},""ref"":{""style"":[[0,""""],[0,""color:#aaaaaa""]]},""legend"":{""_messages"":[],""exons/Introns"":{""utr"":{""default"":null,""text"":""UTR"",""label"":""#cd6839"",""class"":""eu""},""flanking"":{""default"":null,""label"":""#008000"",""class"":""ef"",""text"":""Flanking sequence""},""intron"":{""label"":""#aaaaaa"",""class"":""ei"",""text"":""Intron sequence"",""default"":null},""exon1"":{""label"":""#1044ee"",""text"":""Translated sequence"",""class"":""e1"",""default"":null}}},""seq"":[{""style"":[1]}]}}                gtaagtattgggtgccctgtcagag..........tgctctttccttcctggggatccag                "
"22","ENSE00003687053","43,047,703","43,047,643","0","1","61","                              {""url"":""/Homo_sapiens/Component/Transcript/Exons/exons?db=core;g=ENSG00000012048;r=17:43044295-43170245;t=ENST00000357654;time=1682008324970.97;adorn=only"",""provisional"":{""seq"":[{""style"":[1]},{""style"":[1,0]}],""legend"":{""_messages"":[],""exons/Introns"":{""utr"":{""default"":null,""label"":""#cd6839"",""class"":""eu"",""text"":""UTR""},""flanking"":{""default"":null,""label"":""#008000"",""text"":""Flanking sequence"",""class"":""ef""},""intron"":{""default"":null,""label"":""#aaaaaa"",""text"":""Intron sequence"",""class"":""ei""},""exon1"":{""label"":""#1044ee"",""class"":""e1"",""text"":""Translated sequence"",""default"":null}}},""ref"":{""style"":[[0,""""],[0,""color:#1044ee""]]},""flourishes"":{},""expect"":[]}}                GGTGTCCACCCAATTGTGGTTGTGCAGCCAGATGCCTGGACAGAGGACAATGGCTTCCATG                                                                           "
" ","Intron 22-23","43,047,642","43,045,803","","","1,840","                              {""provisional"":{""ref"":{""style"":[[0,""""],[0,""color:#aaaaaa""]]},""legend"":{""_messages"":[],""exons/Introns"":{""utr"":{""text"":""UTR"",""label"":""#cd6839"",""class"":""eu"",""default"":null},""flanking"":{""default"":null,""text"":""Flanking sequence"",""label"":""#008000"",""class"":""ef""},""intron"":{""default"":null,""class"":""ei"",""label"":""#aaaaaa"",""text"":""Intron sequence""},""exon1"":{""default"":null,""label"":""#1044ee"",""text"":""Translated sequence"",""class"":""e1""}}},""seq"":[{""style"":[1]}],""expect"":[],""flourishes"":{}},""url"":""/Homo_sapiens/Component/Transcript/Exons/exons?db=core;g=ENSG00000012048;r=17:43044295-43170245;t=ENST00000357654;time=1682008324970.97;adorn=only""}                gtaaggtgcctgcatgtacctgtgc..........ctctgcttgtgttctctgtctccag                "
"23","ENSE00001814242","43,045,802","43,044,295","1","-","1,508","                              {""provisional"":{""flourishes"":{},""expect"":[],""seq"":[{""style"":[1]},-1,{""style"":[1,-4,2]},{""style"":[2]},-21,{""style"":[2,-7,0]}],""legend"":{""_messages"":[],""exons/Introns"":{""utr"":{""default"":null,""text"":""UTR"",""label"":""#cd6839"",""class"":""eu""},""flanking"":{""default"":null,""class"":""ef"",""label"":""#008000"",""text"":""Flanking sequence""},""intron"":{""default"":null,""class"":""ei"",""label"":""#aaaaaa"",""text"":""Intron sequence""},""exon1"":{""default"":null,""text"":""Translated sequence"",""label"":""#1044ee"",""class"":""e1""}}},""ref"":{""style"":[[0,""""],[0,""color:#1044ee""],[7,""cd6839""]]}},""url"":""/Homo_sapiens/Component/Transcript/Exons/exons?db=core;g=ENSG00000012048;r=17:43044295-43170245;t=ENST00000357654;time=1682008324970.97;adorn=only""}                CAATTGGGCAGATGTGTGAGGCACCTGTGGTGACCCGAGAGTGGGTGTTGGACAGTGTAGCACTCTACCAGTGCCAGGAGCTGGACACCTACCTGATACCCCAGATCCCCCACAGCCACTACTGACTGCAGCCAGCCACAGGTACAGAGCCACAGGACCCCAAGAATGAGCTTACAAAGTGGCCTTTCCAGGCCCTGGGAGCTCCTCTCACTCTTCAGTCCTTCTACTGTCCTGGCTACTAAATATTTTATGTACATCAGCCTGAAAAGGACTTCTGGCTATGCAAGGGTCCCTTAAAGATTTTCTGCTTGAAGTCTCCCTTGGAAATCTGCCATGAGCACAAAATTATGGTAATTTTTCACCTGAGAAGATTTTAAAACCATTTAAACGCCACCAATTGAGCAAGATGCTGATTCATTATTTATCAGCCCTATTCTTTCTATTCAGGCTGTTGTTGGCTTAGGGCTGGAAGCACAGAGTGGCTTGGCCTCAAGAGAATAGCTGGTTTCCCTAAGTTTACTTCTCTAAAACCCTGTGTTCACAAAGGCAGAGAGTCAGACCCTTCAATGGAAGGAGAGTGCTTGGGATCGATTATGTGACTTAAAGTCAGAATAGTCCTTGGGCAGTTCTCAAATGTTGGAGTGGAACATTGGGGAGGAAATTCTGAGGCAGGTATTAGAAATGAAAAGGAAACTTGAAACCTGGGCATGGTGGCTCACGCCTGTAATCCCAGCACTTTGGGAGGCCAAGGTGGGCAGATCACTGGAGGTCAGGAGTTCGAAACCAGCCTGGCCAACATGGTGAAACCCCATCTCTACTAAAAATACAGAAATTAGCCGGTCATGGTGGTGGACACCTGTAATCCCAGCTACTCAGGTGGCTAAGGCAGGAGAATCACTTCAGCCCGGGAGGTGGAGGTTGCAGTGAGCCAAGATCATACCACGGCACTCCAGCCTGGGTGACAGTGAGACTGTGGCTCAAAAAAAAAAAAAAAAAAAGGAAAATGAAACTAGAAGAGATTTCTAAAAGTCTGAGATATATTTGCTAGATTTCTAAAGAATGTGTTCTAAAACAGCAGAAGATTTTCAAGAACCGGTTTCCAAAGACAGTCTTCTAATTCCTCATTAGTAATAAGTAAAATGTTTATTGTTGTAGCTCTGGTATATAATCCATTCCTCTTAAAATATAAGACCTCTGGCATGAATATTTCATATCTATAAAATGACAGATCCCACCAGGAAGGAAGCTGTTGCTTTCTTTGAGGTGATTTTTTTCCTTTGCTCCCTGTTGCTGAAACCATACAGCTTCATAAATAATTTTGCTTGCTGAAGGAAGAAAAAGTGTTTTTCATAAACCCATTATCCAGGACTGTTTATAGCTGTTGGAAGGACTAGGTCTTCCCTAGCCCCCCCAGTGTGCAAGGGCAGTGAAGACTTGATTGTACAAAATACGTTTTGTAAATGTTGTGCTGTTAACACTGCAAATAAACTTGGTAGCAAACACTTCCA                                                                    "
"","3' downstream sequence","","","","","","                              {""url"":""/Homo_sapiens/Component/Transcript/Exons/exons?db=core;g=ENSG00000012048;r=17:43044295-43170245;t=ENST00000357654;time=1682008324970.97;adorn=only"",""provisional"":{""expect"":[],""flourishes"":{},""ref"":{""style"":[[0,""""],[0,""color:#008000""]]},""legend"":{""_messages"":[],""exons/Introns"":{""utr"":{""default"":null,""label"":""#cd6839"",""text"":""UTR"",""class"":""eu""},""flanking"":{""default"":null,""label"":""#008000"",""class"":""ef"",""text"":""Flanking sequence""},""intron"":{""class"":""ei"",""label"":""#aaaaaa"",""text"":""Intron sequence"",""default"":null},""exon1"":{""label"":""#1044ee"",""class"":""e1"",""text"":""Translated sequence"",""default"":null}}},""seq"":[{""style"":[1]}]}}                ccatgaatgactgttcttgagacttaggccagccgactttctcagagcct..........                "
